Name,Number
Mario Speedwagon,(978) 709-1026
Petey Cruiser,(978) 709-1026
Anna Sthesia,(978) 709-1026
Paul Molive,(978) 709-1026
Anna Mull,(978) 709-1026
Gail Forcewind,(978) 709-1026
Paige Turner,(978) 709-1026
Bob Frapples,(978) 709-1026
Walter Melon,(978) 709-1026
Nick R. Bocker,(978) 709-1026
Barb Ackue,(978) 709-1026
Buck Kinnear,(978) 709-1026
Greta Life,(978) 709-1026
Ira Membrit,(978) 709-1026
Shonda Leer,(978) 709-1026
Brock Lee,(978) 709-1026
Bob Frapples,(978) 709-1026
Walter Melon,(978) 709-1026
Nick R. Bocker,(978) 709-1026
Barb Ackue,(978) 709-1026
Buck Kinnear,(978) 709-1026
Greta Life,(978) 709-1026
Ira Membrit,(978) 709-1026
Shonda Leer,(978) 709-1026
Brock Lee,(978) 709-1026